src_subject_id,vignette_version,vignette_gender,vignette_symptoms,vignette_alternative_treatment,vignette_outcome,Q1,Q3,Q5,Q7,Q2,Q4,Q6,Q8,gender,age
CVS_0004,6,Female,Low,c,R,66,15,12,12,$5-$25,16,63,13,Male,29
CVS_0006,3,Male,Low,b,NR,76,25,78,71,$25-$100,38,79,14,Male,37
CVS_0008,7,Female,Med,a,NR,77,75,35,32,$25-$100,40,47,43,Female,30
CVS_0009,10,Male,Med,b,R,85,93,30,25,$100-$500,15,50,24,Male,37
CVS_0010,6,Female,Low,c,R,75,17,71,69,$100-$500,77,65,35,Male,18
CVS_0011,7,Female,Med,a,NR,72,58,65,70,$25-$100,66,61,62,Female,35
CVS_0014,1,Female,Low,a,NR,14,4,28,11,0,67,13,51,Female,34
CVS_0015,1,Female,Low,a,NR,60,59,64,69,$100-$500,46,61,57,Male,42
CVS_0018,1,Female,Low,a,NR,37,28,26,15,$5-$25,32,11,34,Female,22
CVS_0019,11,Male,Med,c,NR,27,74,59,67,$25-$100,69,76,70,Male,25
CVS_0020,15,Female,High,b,NR,73,100,37,35,$5-$25,88,66,57,Female,23
CVS_0024,11,Male,Med,c,NR,60,60,100,100,$500-$2500,54,100,100,Male,44
CVS_0026,1,Female,Low,a,NR,100,2,100,15,$25-$100,2,100,60,Male,26
CVS_0027,11,Male,Med,c,NR,10,80,30,40,0,20,50,60,Male,30
CVS_0029,1,Female,Low,a,NR,58,76,62,69,$5-$25,64,69,64,Male,25
CVS_0030,15,Female,High,b,NR,71,72,66,70,$100-$500,69,70,68,Female,32
CVS_0033,3,Male,Low,b,NR,50,5,30,35,$25-$100,35,40,45,Male,30
CVS_0034,6,Female,Low,c,R,26,17,100,95,0,100,7,24,Female,27
CVS_0035,14,Female,High,a,R,50,100,60,50,$25-$100,35,15,60,Male,39
CVS_0036,3,Male,Low,b,NR,81,7,27,75,$25-$100,51,63,39,Male,41
CVS_0037,6,Female,Low,c,R,75,72,81,70,$5-$25,75,57,71,Female,30
CVS_0039,14,Female,High,a,R,59,81,39,43,$100-$500,35,42,58,Male,30
CVS_0043,10,Male,Med,b,R,50,51,51,51,$25-$100,51,51,51,Female,42
CVS_0044,14,Female,High,a,R,75,100,15,15,$100-$500,80,5,40,Male,36
CVS_0045,18,Male,High,c,R,87,90,82,88,$5-$25,87,95,97,Male,55
CVS_0048,6,Female,Low,c,R,50,50,50,51,$1-$5,50,50,51,Male,42
CVS_0049,11,Male,Med,c,NR,25,83,62,57,$5-$25,87,39,42,Male,35
CVS_0050,6,Female,Low,c,R,73,61,60,66,$500-$2500,59,51,40,Male,31
CVS_0051,10,Male,Med,b,R,62,82,32,13,$5-$25,45,61,15,Female,38
CVS_0052,10,Male,Med,b,R,76,50,64,70,$5-$25,51,65,54,Male,34
CVS_0054,14,Female,High,a,R,76,100,19,25,$25-$100,21,14,24,Female,28
CVS_0055,14,Female,High,a,R,14,100,2,25,$1-$5,47,0,25,Male,55
CVS_0056,15,Female,High,b,NR,29,95,41,63,0,15,30,32,Male,31
CVS_0058,14,Female,High,a,R,52,100,38,39,$5-$25,36,27,38,Female,40
CVS_0059,6,Female,Low,c,R,78,38,30,64,$5-$25,13,63,17,Male,21
CVS_0061,1,Female,Low,a,NR,63,34,78,82,$100-$500,22,36,13,Female,35
CVS_0065,1,Female,Low,a,NR,19,72,50,51,0,88,34,51,Female,28
CVS_0068,15,Female,High,b,NR,20,100,29,69,$5-$25,18,74,56,Female,41
CVS_0069,14,Female,High,a,R,50,100,59,51,$25-$100,51,59,65,Female,40
CVS_0070,1,Female,Low,a,NR,24,27,51,53,0,32,11,53,Female,42
CVS_0071,14,Female,High,a,R,79,78,31,51,$25-$100,39,67,51,Male,44
CVS_0072,10,Male,Med,b,R,60,90,8,20,0,0,0,20,Male,28
CVS_0075,6,Female,Low,c,R,40,40,66,70,0,60,25,40,Female,32
CVS_0076,1,Female,Low,a,NR,51,6,51,51,$25-$100,3,0,1,Female,44
CVS_0077,15,Female,High,b,NR,37,100,31,65,$25-$100,59,66,66,Female,22
CVS_0079,1,Female,Low,a,NR,84,91,83,20,$1-$5,97,96,31,Male,30
CVS_0081,10,Male,Med,b,R,65,98,6,70,$25-$100,10,0,75,Male,31
CVS_0083,14,Female,High,a,R,79,100,38,62,$100-$500,11,24,68,Male,33
CVS_0084,6,Female,Low,c,R,65,65,28,80,$100-$500,40,61,70,Female,31
CVS_0089,14,Female,High,a,R,79,100,0,1,0,0,6,4,Female,33
CVS_0090,3,Male,Low,b,NR,40,65,56,60,$100-$500,86,80,60,Female,33
CVS_0091,1,Female,Low,a,NR,5,50,77,50,0,68,19,70,Male,34
CVS_0099,14,Female,High,a,R,75,100,45,50,$25-$100,29,20,65,Male,78
CVS_0104,15,Female,High,b,NR,25,100,25,55,$500-$2500,4,35,58,Female,22
CVS_0106,7,Female,Med,a,NR,34,84,53,35,0,85,10,63,Female,43
CVS_0107,15,Female,High,b,NR,10,98,42,43,0,82,82,57,Male,45
CVS_0111,11,Male,Med,c,NR,50,51,50,74,$100-$500,82,15,51,Male,35
CVS_0112,3,Male,Low,b,NR,50,25,10,65,$25-$100,15,79,73,Female,45
CVS_0113,7,Female,Med,a,NR,38,52,51,35,$500-$2500,51,51,49,Female,24
CVS_0114,14,Female,High,a,R,84,79,85,88,$25-$100,89,98,84,Male,26
CVS_0115,6,Female,Low,c,R,22,11,90,71,$1-$5,87,8,50,Male,25
CVS_0118,3,Male,Low,b,NR,55,37,81,72,$5-$25,28,85,67,Male,42
CVS_0122,15,Female,High,b,NR,25,100,91,97,$5-$25,8,73,32,Male,54
CVS_0123,15,Female,High,b,NR,15,93,20,35,$25-$100,87,83,75,Female,27
CVS_0124,14,Female,High,a,R,67,17,26,5,$5-$25,57,45,65,Male,33
CVS_0125,1,Female,Low,a,NR,3,40,45,65,$25-$100,54,0,75,Female,26
CVS_0126,6,Female,Low,c,R,50,26,50,50,0,75,50,25,Male,27
CVS_0128,18,Male,High,c,R,55,55,57,59,$1-$5,54,55,44,Male,22
CVS_0130,3,Male,Low,b,NR,25,65,65,75,$100-$500,55,25,55,Male,22
CVS_0132,18,Male,High,c,R,82,100,13,52,$5-$25,32,12,56,Female,30
CVS_0134,6,Female,Low,c,R,51,34,24,86,$5-$25,52,22,36,Female,38
CVS_0135,10,Male,Med,b,R,84,92,23,35,$100-$500,29,67,35,Male,44
CVS_0137,10,Male,Med,b,R,75,60,40,25,$25-$100,75,60,75,Male,49
CVS_0138,3,Male,Low,b,NR,51,32,55,35,$100-$500,39,57,53,Male,63
CVS_0139,15,Female,High,b,NR,73,100,20,39,0,100,34,64,Female,23
CVS_0140,11,Male,Med,c,NR,30,50,55,50,0,50,40,50,Male,30
CVS_0141,6,Female,Low,c,R,0,27,79,48,0,61,7,50,Female,51
CVS_0142,7,Female,Med,a,NR,95,76,96,77,$100-$500,73,68,70,Male,30
CVS_0143,1,Female,Low,a,NR,15,25,20,40,$25-$100,20,10,50,Female,44
CVS_0144,10,Male,Med,b,R,96,85,88,84,$25-$100,97,82,87,Male,59
CVS_0146,3,Male,Low,b,NR,30,22,28,54,$25-$100,33,50,44,Male,30
CVS_0147,1,Female,Low,a,NR,25,35,22,29,$100-$500,26,20,37,Male,33
CVS_0148,18,Male,High,c,R,59,97,14,40,$5-$25,48,4,39,Female,44
CVS_0149,14,Female,High,a,R,83,100,77,97,$100-$500,93,83,80,Male,32
CVS_0150,10,Male,Med,b,R,27,73,21,35,$25-$100,29,60,31,Male,29
CVS_0154,3,Male,Low,b,NR,30,60,60,70,$5-$25,40,60,40,Male,29
CVS_0157,11,Male,Med,c,NR,16,93,74,44,$100-$500,89,32,68,Male,34
CVS_0158,3,Male,Low,b,NR,30,10,6,11,$25-$100,10,88,70,Female,44
CVS_0161,1,Female,Low,a,NR,10,50,60,79,0,50,0,80,Female,45
CVS_0162,3,Male,Low,b,NR,25,22,20,19,$25-$100,4,74,75,Female,45
CVS_0163,1,Female,Low,a,NR,0,23,30,70,$5-$25,22,50,70,Female,31
CVS_0164,18,Male,High,c,R,65,100,9,8,$100-$500,11,11,59,Male,38
CVS_0168,1,Female,Low,a,NR,25,50,35,60,$5-$25,60,10,75,Male,64
CVS_0169,10,Male,Med,b,R,15,40,60,75,0,70,50,10,Male,39
CVS_0172,11,Male,Med,c,NR,82,77,75,95,$5-$25,87,90,85,Male,33
CVS_0173,10,Male,Med,b,R,89,91,73,82,$25-$100,35,94,88,Male,26
CVS_0174,15,Female,High,b,NR,78,100,68,63,$25-$100,61,65,76,Female,20
CVS_0175,10,Male,Med,b,R,80,77,7,24,more than $2500,40,81,59,Female,27
CVS_0176,18,Male,High,c,R,51,100,52,90,0,50,54,17,Male,29
CVS_0179,1,Female,Low,a,NR,20,25,20,13,$25-$100,15,25,53,Female,35
CVS_0180,7,Female,Med,a,NR,20,63,60,51,$5-$25,54,15,53,Male,35
CVS_0183,11,Male,Med,c,NR,42,72,34,74,$100-$500,21,45,48,Male,36
CVS_0184,11,Male,Med,c,NR,4,76,79,59,0,77,18,55,Female,57
CVS_0186,18,Male,High,c,R,66,100,46,26,$100-$500,10,21,43,Male,51
CVS_0187,6,Female,Low,c,R,1,10,70,70,$100-$500,75,10,55,Male,40
CVS_0188,14,Female,High,a,R,92,100,8,14,$500-$2500,0,100,76,Female,26
CVS_0189,3,Male,Low,b,NR,29,5,10,20,$25-$100,14,3,66,Male,52
CVS_0190,6,Female,Low,c,R,0,75,30,30,$5-$25,35,71,50,Male,18
CVS_0191,11,Male,Med,c,NR,72,81,72,71,$5-$25,65,65,38,Other,22
CVS_0193,14,Female,High,a,R,100,100,19,24,$25-$100,13,11,33,Female,26
CVS_0195,11,Male,Med,c,NR,5,88,64,63,0,60,3,40,Female,37
CVS_0196,6,Female,Low,c,R,85,20,67,71,$25-$100,36,45,63,Female,36
CVS_0201,10,Male,Med,b,R,81,90,10,50,$25-$100,10,50,50,Female,56
CVS_0202,18,Male,High,c,R,89,100,50,90,$100-$500,2,50,90,Male,43
CVS_0205,11,Male,Med,c,NR,9,55,12,23,0,62,6,12,Female,29
CVS_0207,18,Male,High,c,R,65,82,68,58,$100-$500,63,90,67,Female,35
CVS_0209,3,Male,Low,b,NR,94,79,80,84,$500-$2500,90,88,97,Male,30
CVS_0210,7,Female,Med,a,NR,75,88,81,66,$100-$500,90,71,69,Female,20
CVS_0213,1,Female,Low,a,NR,3,20,20,80,$25-$100,45,0,51,Male,43
CVS_0216,14,Female,High,a,R,85,100,1,50,$25-$100,41,5,50,Female,47
CVS_0218,6,Female,Low,c,R,78,69,25,34,$25-$100,67,37,67,Female,30
CVS_0219,14,Female,High,a,R,75,100,70,66,$25-$100,32,85,66,Female,36
CVS_0220,18,Male,High,c,R,90,100,81,12,$100-$500,0,0,51,Male,63
CVS_0221,1,Female,Low,a,NR,30,2,25,40,$25-$100,10,15,50,Female,52
CVS_0225,1,Female,Low,a,NR,72,45,61,74,$1-$5,73,76,66,Male,25
CVS_0226,3,Male,Low,b,NR,54,12,82,25,$5-$25,10,82,23,Female,31
CVS_0227,3,Male,Low,b,NR,35,15,30,25,less then $1,5,0,85,Male,34
CVS_0228,3,Male,Low,b,NR,27,16,31,31,$25-$100,27,68,40,Male,31
CVS_0231,6,Female,Low,c,R,65,10,62,56,$25-$100,70,70,57,Female,50
CVS_0232,6,Female,Low,c,R,10,16,76,60,$25-$100,80,12,30,Male,42
CVS_0233,11,Male,Med,c,NR,40,99,24,34,$5-$25,55,59,86,Female,34
CVS_0234,18,Male,High,c,R,25,100,2,0,$5-$25,2,5,5,Male,26
CVS_0235,11,Male,Med,c,NR,22,83,68,86,$1-$5,27,76,33,Male,32
CVS_0237,11,Male,Med,c,NR,86,98,64,56,$25-$100,90,25,71,Female,33
CVS_0238,6,Female,Low,c,R,76,46,58,64,$25-$100,44,64,65,Female,32
CVS_0240,7,Female,Med,a,NR,86,95,95,100,$5-$25,77,90,90,Male,31
CVS_0241,18,Male,High,c,R,50,100,19,15,0,13,44,15,Female,65
CVS_0242,14,Female,High,a,R,28,100,20,59,$5-$25,41,84,93,Prefer not to say,20
CVS_0243,7,Female,Med,a,NR,70,70,35,65,$25-$100,60,60,50,Male,24
CVS_0244,15,Female,High,b,NR,14,100,75,44,$1-$5,12,30,38,Female,47
CVS_0245,11,Male,Med,c,NR,10,90,90,65,0,90,0,24,Female,36
CVS_0248,10,Male,Med,b,R,95,100,100,100,$100-$500,100,100,100,Male,28
CVS_0249,18,Male,High,c,R,70,34,72,63,$1-$5,72,76,58,Male,30
CVS_0253,11,Male,Med,c,NR,41,90,81,37,$100-$500,76,11,67,Female,44
CVS_0255,6,Female,Low,c,R,50,10,49,50,$100-$500,90,12,87,Female,68
CVS_0258,1,Female,Low,a,NR,30,50,80,60,$25-$100,70,0,50,Female,36
CVS_0261,15,Female,High,b,NR,30,75,80,20,$25-$100,50,70,50,Male,29
CVS_0263,18,Male,High,c,R,80,100,0,20,$25-$100,0,0,88,Female,37
CVS_0265,7,Female,Med,a,NR,25,76,0,51,0,65,0,51,Male,57
CVS_0267,15,Female,High,b,NR,30,100,45,40,$1-$5,70,55,60,Male,45
CVS_0268,6,Female,Low,c,R,50,35,65,65,$100-$500,75,0,25,Male,33
CVS_0269,11,Male,Med,c,NR,5,88,14,50,$25-$100,52,18,21,Male,30
CVS_0270,18,Male,High,c,R,65,100,35,18,more than $2500,19,36,36,Male,33
CVS_0273,6,Female,Low,c,R,87,98,84,65,$25-$100,74,67,77,Female,27
CVS_0277,15,Female,High,b,NR,18,100,100,100,0,100,100,16,Male,26
CVS_0278,7,Female,Med,a,NR,5,90,90,80,$25-$100,60,5,70,Female,56
CVS_0279,10,Male,Med,b,R,70,80,63,72,$100-$500,15,26,39,Male,42
CVS_0280,15,Female,High,b,NR,26,63,75,75,$1-$5,73,66,35,Female,32
CVS_0281,6,Female,Low,c,R,100,60,73,25,$25-$100,73,72,80,Male,25
CVS_0283,6,Female,Low,c,R,70,77,78,78,$25-$100,84,80,79,Male,64
CVS_0286,11,Male,Med,c,NR,12,90,80,30,0,92,32,70,Female,70
CVS_0288,11,Male,Med,c,NR,27,80,76,80,$25-$100,39,77,81,Male,58
CVS_0289,11,Male,Med,c,NR,67,86,38,57,$25-$100,32,44,63,Female,27
CVS_0293,6,Female,Low,c,R,58,63,69,62,$5-$25,72,72,66,Male,62
CVS_0294,14,Female,High,a,R,80,100,60,36,$100-$500,60,20,63,Male,76
CVS_0296,1,Female,Low,a,NR,5,20,60,38,$25-$100,10,5,75,Male,37
CVS_0297,1,Female,Low,a,NR,17,10,10,20,$25-$100,70,0,10,Male,63
CVS_0302,10,Male,Med,b,R,74,51,60,64,$25-$100,51,60,63,Female,42
CVS_0304,14,Female,High,a,R,51,100,29,38,0,40,19,35,Female,26
CVS_0305,11,Male,Med,c,NR,70,91,61,96,$5-$25,21,64,74,Male,34
CVS_0306,14,Female,High,a,R,86,79,89,64,$25-$100,69,70,63,Male,32
CVS_0307,1,Female,Low,a,NR,52,30,15,15,$5-$25,15,20,50,Female,27
CVS_0308,18,Male,High,c,R,53,95,10,20,$25-$100,75,10,20,Female,53
CVS_0309,18,Male,High,c,R,55,100,14,40,$25-$100,5,64,70,Male,41
CVS_0310,10,Male,Med,b,R,65,65,50,50,$5-$25,50,50,50,Female,26
CVS_0312,3,Male,Low,b,NR,40,25,25,15,$25-$100,70,65,55,Male,30
CVS_0313,3,Male,Low,b,NR,95,90,72,18,$5-$25,97,89,23,Male,28
CVS_0315,7,Female,Med,a,NR,10,49,30,22,$5-$25,60,10,21,Male,27
CVS_0316,3,Male,Low,b,NR,68,63,18,21,$25-$100,53,60,26,Female,25
CVS_0317,6,Female,Low,c,R,70,50,50,50,$25-$100,50,100,50,Female,32
CVS_0318,3,Male,Low,b,NR,90,60,70,74,$1-$5,60,30,77,Male,40
CVS_0320,3,Male,Low,b,NR,21,32,39,66,$100-$500,72,68,31,Male,38
CVS_0321,18,Male,High,c,R,84,93,67,16,$100-$500,50,49,68,Male,26
CVS_0322,7,Female,Med,a,NR,13,86,92,49,$25-$100,42,66,66,Female,41
CVS_0323,3,Male,Low,b,NR,22,51,38,51,$1-$5,55,0,41,Female,52
CVS_0325,1,Female,Low,a,NR,48,55,70,60,more than $2500,70,61,64,Female,42
CVS_0326,7,Female,Med,a,NR,24,51,10,24,$5-$25,100,1,71,Female,63
CVS_0327,14,Female,High,a,R,52,100,36,70,$5-$25,36,50,70,Female,33
CVS_0328,3,Male,Low,b,NR,68,73,65,77,$100-$500,90,86,63,Male,32
CVS_0330,11,Male,Med,c,NR,65,75,62,53,$500-$2500,40,38,59,Female,58
CVS_0331,7,Female,Med,a,NR,20,95,100,50,$25-$100,100,0,50,Male,62
CVS_0332,11,Male,Med,c,NR,51,87,91,51,0,72,51,51,Male,74
CVS_0333,18,Male,High,c,R,90,80,83,75,$5-$25,94,92,86,Male,44
CVS_0335,6,Female,Low,c,R,40,7,5,55,$100-$500,66,1,40,Male,32
CVS_0336,18,Male,High,c,R,76,91,33,38,$5-$25,23,63,66,Male,25
CVS_0340,1,Female,Low,a,NR,13,20,19,17,$5-$25,10,69,64,Female,39
CVS_0344,18,Male,High,c,R,84,26,0,22,$5-$25,75,0,83,Female,30
CVS_0348,18,Male,High,c,R,65,100,40,66,$5-$25,30,50,80,Female,32
CVS_0350,14,Female,High,a,R,69,80,45,50,$5-$25,35,54,44,Female,48
CVS_0351,15,Female,High,b,NR,81,90,81,67,$25-$100,31,87,41,Male,32
CVS_0352,18,Male,High,c,R,70,99,30,52,$25-$100,5,60,53,Male,33
CVS_0353,1,Female,Low,a,NR,50,0,50,25,$5-$25,80,50,5,Female,33
CVS_0357,10,Male,Med,b,R,75,70,50,90,$25-$100,99,90,50,Male,47
CVS_0358,1,Female,Low,a,NR,43,57,56,48,$1-$5,56,59,54,Female,34
CVS_0359,15,Female,High,b,NR,25,98,65,35,$5-$25,18,75,55,Female,58
CVS_0361,11,Male,Med,c,NR,33,75,43,33,$25-$100,50,59,60,Female,39
CVS_0365,18,Male,High,c,R,58,100,18,37,$25-$100,25,19,28,Male,34
CVS_0366,10,Male,Med,b,R,72,74,75,82,$25-$100,87,58,82,Male,28
CVS_0368,14,Female,High,a,R,100,100,87,79,$5-$25,100,74,68,Female,33
CVS_0370,18,Male,High,c,R,65,97,36,66,$5-$25,75,46,71,Male,42
CVS_0371,1,Female,Low,a,NR,50,40,60,40,$25-$100,50,10,60,Female,37
CVS_0372,11,Male,Med,c,NR,71,51,35,87,more than $2500,51,38,72,Male,30
CVS_0374,14,Female,High,a,R,85,100,12,94,$5-$25,18,82,85,Male,66
CVS_0375,1,Female,Low,a,NR,69,77,2,83,$25-$100,78,3,78,Male,34
CVS_0376,6,Female,Low,c,R,50,50,50,50,$5-$25,50,20,50,Male,30
CVS_0377,14,Female,High,a,R,66,83,77,72,$1-$5,76,85,78,Male,28
CVS_0378,18,Male,High,c,R,55,95,21,40,$100-$500,20,60,50,Male,55
CVS_0379,18,Male,High,c,R,77,95,76,87,$25-$100,74,92,68,Male,30
CVS_0380,10,Male,Med,b,R,65,84,24,13,$25-$100,21,14,29,Male,39
CVS_0381,6,Female,Low,c,R,71,72,67,63,$25-$100,77,69,68,Male,65
CVS_0382,7,Female,Med,a,NR,35,30,15,15,0,10,3,60,Male,61
CVS_0383,1,Female,Low,a,NR,3,45,5,73,0,36,10,24,Female,63
CVS_0386,6,Female,Low,c,R,25,25,75,80,$5-$25,75,20,50,Female,42
CVS_0387,15,Female,High,b,NR,100,51,74,65,$100-$500,52,70,66,Male,28
CVS_0388,11,Male,Med,c,NR,66,85,65,81,$25-$100,13,76,64,Female,28
CVS_0390,18,Male,High,c,R,75,90,40,30,$25-$100,20,59,50,Female,49
CVS_0391,15,Female,High,b,NR,88,83,90,86,$25-$100,92,90,95,Male,35
CVS_0393,15,Female,High,b,NR,3,98,75,75,$5-$25,97,83,50,Female,48
CVS_0395,15,Female,High,b,NR,35,100,70,74,0,75,62,25,Female,56
CVS_0396,14,Female,High,a,R,60,98,42,13,$25-$100,24,1,24,Female,28
CVS_0398,15,Female,High,b,NR,100,92,86,91,$25-$100,100,100,100,Female,34
CVS_0399,14,Female,High,a,R,81,99,10,19,$25-$100,2,11,30,Female,58
CVS_0400,15,Female,High,b,NR,30,83,38,63,$500-$2500,73,74,48,Female,24
CVS_0402,7,Female,Med,a,NR,8,51,80,93,$25-$100,10,5,63,Male,65
CVS_0404,6,Female,Low,c,R,67,68,86,87,$25-$100,68,66,90,Female,40
CVS_0405,6,Female,Low,c,R,26,22,75,38,$5-$25,51,61,23,Male,30
CVS_0406,18,Male,High,c,R,50,97,50,56,$5-$25,50,31,56,Female,55
CVS_0409,6,Female,Low,c,R,1,10,85,50,0,68,23,50,Female,52
CVS_0411,15,Female,High,b,NR,36,98,64,55,$500-$2500,98,31,70,Male,35
CVS_0414,18,Male,High,c,R,100,100,62,100,$25-$100,15,13,39,Female,28
CVS_0417,6,Female,Low,c,R,5,45,75,70,$5-$25,55,0,15,Male,47
CVS_0419,7,Female,Med,a,NR,56,72,72,80,$5-$25,87,79,80,Male,48
CVS_0420,18,Male,High,c,R,70,90,26,15,$25-$100,20,11,75,Female,37
CVS_0422,11,Male,Med,c,NR,60,50,10,25,$25-$100,75,50,50,Female,59
CVS_0423,6,Female,Low,c,R,40,47,40,83,$5-$25,68,32,76,Female,56
CVS_0424,3,Male,Low,b,NR,50,51,41,23,$25-$100,51,43,51,Female,58
CVS_0425,14,Female,High,a,R,88,100,0,4,$100-$500,50,5,39,Female,47
CVS_0426,14,Female,High,a,R,50,95,35,30,$100-$500,30,50,60,Male,28
CVS_0427,3,Male,Low,b,NR,87,93,84,91,$500-$2500,94,87,92,Male,30
CVS_0428,7,Female,Med,a,NR,50,100,2,4,$5-$25,0,81,5,Male,39
CVS_0429,7,Female,Med,a,NR,79,84,87,77,$100-$500,77,71,62,Male,48
CVS_0430,10,Male,Med,b,R,75,70,25,20,$5-$25,85,55,50,Male,48
CVS_0431,15,Female,High,b,NR,10,100,0,95,0,0,0,5,Male,73
CVS_0433,6,Female,Low,c,R,96,10,15,65,$5-$25,75,30,80,Male,29
CVS_0434,6,Female,Low,c,R,75,70,30,28,$100-$500,20,40,40,Female,61
CVS_0436,18,Male,High,c,R,60,100,5,0,0,5,0,0,Male,30
CVS_0439,6,Female,Low,c,R,100,0,60,82,$25-$100,100,58,29,Female,25
CVS_0441,7,Female,Med,a,NR,15,75,75,25,$25-$100,35,30,25,Female,33
CVS_0444,6,Female,Low,c,R,41,69,76,59,$25-$100,46,18,67,Male,32
CVS_0447,10,Male,Med,b,R,65,86,8,10,$5-$25,25,25,76,Male,28
CVS_0451,1,Female,Low,a,NR,50,1,15,85,$25-$100,1,0,3,Female,28
CVS_0453,18,Male,High,c,R,71,70,73,66,$100-$500,67,61,78,Male,26
CVS_0457,10,Male,Med,b,R,39,37,63,44,$25-$100,3,77,83,Female,29
CVS_0458,6,Female,Low,c,R,70,25,80,70,$25-$100,70,60,20,Female,24
CVS_0459,18,Male,High,c,R,70,100,40,96,$25-$100,10,50,50,Prefer not to say,23
CVS_0463,18,Male,High,c,R,100,86,64,71,$100-$500,25,72,84,Male,24
CVS_0464,11,Male,Med,c,NR,9,94,31,37,more than $2500,97,73,28,Male,42
CVS_0466,10,Male,Med,b,R,86,100,52,62,$25-$100,18,84,74,Female,26
CVS_0467,15,Female,High,b,NR,66,100,0,86,0,100,100,85,Female,28
CVS_0468,14,Female,High,a,R,50,100,18,44,$5-$25,28,8,53,Female,31
CVS_0469,1,Female,Low,a,NR,51,51,51,51,$25-$100,51,51,51,Female,36
CVS_0470,3,Male,Low,b,NR,58,15,30,5,$100-$500,36,50,17,Female,57
CVS_0472,7,Female,Med,a,NR,10,90,80,74,$100-$500,90,60,71,Female,50
CVS_0476,18,Male,High,c,R,90,100,0,50,$5-$25,0,66,50,Male,23
CVS_0478,7,Female,Med,a,NR,75,82,78,72,$100-$500,66,35,68,Male,35
CVS_0479,10,Male,Med,b,R,91,76,87,89,$100-$500,76,73,97,Male,31
CVS_0480,7,Female,Med,a,NR,1,92,70,91,0,55,5,1,Male,32
CVS_0483,1,Female,Low,a,NR,50,20,12,40,$25-$100,10,10,40,Female,40
CVS_0484,3,Male,Low,b,NR,36,28,63,67,$5-$25,42,64,65,Male,26
CVS_0488,10,Male,Med,b,R,59,70,71,59,$5-$25,23,81,66,Female,35
CVS_0491,7,Female,Med,a,NR,24,90,85,62,$100-$500,41,85,65,Female,32
CVS_0492,11,Male,Med,c,NR,2,75,80,80,$25-$100,85,5,20,Male,60
CVS_0493,6,Female,Low,c,R,100,100,100,100,$100-$500,100,100,100,Male,28
CVS_0495,10,Male,Med,b,R,28,75,21,23,$5-$25,45,51,54,Male,33
CVS_0498,1,Female,Low,a,NR,61,65,35,33,$25-$100,45,28,75,Male,37
CVS_0499,11,Male,Med,c,NR,18,43,32,16,$500-$2500,67,61,42,Female,38
CVS_0505,15,Female,High,b,NR,24,76,60,39,$25-$100,62,82,69,Female,55
CVS_0506,3,Male,Low,b,NR,5,16,10,8,$1-$5,82,30,16,Other,28
CVS_0507,11,Male,Med,c,NR,10,97,62,19,0,7,81,5,Male,42
CVS_0508,10,Male,Med,b,R,33,79,13,18,$5-$25,8,46,49,Female,26
CVS_0509,6,Female,Low,c,R,10,10,80,90,$25-$100,90,0,10,Female,64
CVS_0511,10,Male,Med,b,R,73,66,66,66,$25-$100,74,83,77,Male,30
CVS_0514,15,Female,High,b,NR,80,99,76,80,0,40,80,80,Male,29
CVS_0515,1,Female,Low,a,NR,3,95,98,90,$100-$500,85,100,98,Female,35
CVS_0517,6,Female,Low,c,R,82,69,73,74,$100-$500,79,48,90,Male,37
CVS_0518,1,Female,Low,a,NR,58,73,80,24,$100-$500,52,33,23,Male,27
CVS_0521,11,Male,Med,c,NR,25,65,40,40,$5-$25,55,15,35,Male,32
CVS_0522,3,Male,Low,b,NR,100,100,100,100,$1-$5,100,100,100,Male,29
CVS_0523,10,Male,Med,b,R,60,91,65,50,$25-$100,90,75,50,Female,65
CVS_0524,15,Female,High,b,NR,25,100,58,40,0,49,58,65,Female,59
CVS_0525,15,Female,High,b,NR,24,80,4,25,0,50,30,35,Male,34
CVS_0528,6,Female,Low,c,R,10,15,95,10,$25-$100,95,50,50,Female,47
CVS_0529,10,Male,Med,b,R,90,95,30,20,0,10,51,25,Female,41
CVS_0532,3,Male,Low,b,NR,68,67,71,72,$25-$100,72,62,65,Male,26
CVS_0533,6,Female,Low,c,R,40,15,60,65,$5-$25,60,50,40,Male,44
CVS_0537,6,Female,Low,c,R,20,0,90,30,$1-$5,25,10,45,Male,28
CVS_0540,14,Female,High,a,R,71,100,10,80,$25-$100,15,26,85,Female,35
CVS_0544,15,Female,High,b,NR,20,88,38,25,$100-$500,39,87,33,Male,43
CVS_0547,6,Female,Low,c,R,90,30,13,88,$25-$100,90,100,82,Female,23
CVS_0551,15,Female,High,b,NR,51,90,65,51,$100-$500,10,15,51,Female,71
CVS_0552,3,Male,Low,b,NR,51,17,36,33,$5-$25,31,63,58,Male,37
CVS_0553,6,Female,Low,c,R,71,61,65,67,$25-$100,74,75,78,Male,36
CVS_0555,15,Female,High,b,NR,51,85,45,73,$25-$100,77,63,85,Male,52
CVS_0556,18,Male,High,c,R,39,79,62,63,more than $2500,54,46,47,Female,44
CVS_0559,11,Male,Med,c,NR,79,100,61,69,$5-$25,98,72,62,Female,28
CVS_0560,15,Female,High,b,NR,91,60,84,77,$25-$100,72,63,68,Male,37
CVS_0563,18,Male,High,c,R,69,100,54,40,$5-$25,65,51,52,Female,62
CVS_0568,1,Female,Low,a,NR,32,55,41,59,$25-$100,58,44,55,Female,32
CVS_0571,18,Male,High,c,R,50,100,30,7,$25-$100,14,42,51,Male,27
CVS_0572,3,Male,Low,b,NR,86,88,76,78,$100-$500,75,89,92,Male,26
CVS_0574,18,Male,High,c,R,80,81,56,21,$25-$100,26,35,58,Male,28
CVS_0575,6,Female,Low,c,R,81,56,40,57,$100-$500,66,60,79,Male,44
CVS_0577,3,Male,Low,b,NR,70,60,70,85,$100-$500,70,50,40,Male,38
CVS_0578,6,Female,Low,c,R,17,32,77,46,$100-$500,25,9,25,Female,27
CVS_0579,7,Female,Med,a,NR,49,88,47,50,$5-$25,73,36,65,Male,36
CVS_0580,10,Male,Med,b,R,75,84,37,75,$5-$25,42,100,15,Female,34
CVS_0583,14,Female,High,a,R,66,100,10,50,$25-$100,10,15,75,Female,35
CVS_0584,15,Female,High,b,NR,60,100,86,100,$100-$500,0,93,100,Male,36
CVS_0587,18,Male,High,c,R,60,90,65,55,$25-$100,30,40,60,Male,22
CVS_0588,3,Male,Low,b,NR,65,77,70,80,$25-$100,80,83,80,Female,34
CVS_0590,14,Female,High,a,R,29,93,36,67,$25-$100,41,16,33,Male,30
CVS_0591,18,Male,High,c,R,51,100,51,51,$25-$100,13,51,51,Female,26
CVS_0593,14,Female,High,a,R,54,100,19,80,$100-$500,11,32,79,Female,29
CVS_0595,3,Male,Low,b,NR,24,12,22,15,$100-$500,23,73,30,Male,24
CVS_0596,18,Male,High,c,R,73,89,27,16,$25-$100,19,0,2,Male,36
CVS_0597,3,Male,Low,b,NR,19,22,28,28,$5-$25,68,38,18,Female,56
CVS_0598,3,Male,Low,b,NR,76,36,81,70,$500-$2500,77,70,78,Male,25
CVS_0599,10,Male,Med,b,R,51,75,40,75,$25-$100,25,75,35,Female,41
CVS_0602,1,Female,Low,a,NR,50,5,91,9,$100-$500,10,0,39,Female,55
CVS_0605,18,Male,High,c,R,69,100,34,61,$500-$2500,39,40,56,Male,38
CVS_0607,15,Female,High,b,NR,4,93,57,49,$1-$5,8,20,35,Male,33
CVS_0611,11,Male,Med,c,NR,15,70,30,30,$5-$25,85,0,80,Male,34
CVS_0612,11,Male,Med,c,NR,60,85,100,80,$1-$5,75,80,50,Male,31
CVS_0613,3,Male,Low,b,NR,24,0,78,58,$500-$2500,0,81,35,Female,37
CVS_0619,18,Male,High,c,R,63,65,90,71,$25-$100,85,74,84,Male,40
CVS_0624,15,Female,High,b,NR,30,78,20,20,$5-$25,69,41,36,Female,25
CVS_0626,18,Male,High,c,R,81,100,51,53,$25-$100,75,6,76,Female,35
CVS_0627,10,Male,Med,b,R,80,95,35,65,$25-$100,5,80,73,Male,39
CVS_0628,6,Female,Low,c,R,66,55,72,76,$25-$100,77,77,72,Male,24
CVS_0629,11,Male,Med,c,NR,36,90,55,20,$25-$100,15,70,25,Male,28
CVS_0634,18,Male,High,c,R,99,95,80,82,$25-$100,16,92,94,Female,25
CVS_0637,3,Male,Low,b,NR,0,50,80,25,$5-$25,50,25,75,Female,28
CVS_0638,3,Male,Low,b,NR,10,20,50,50,$100-$500,50,35,25,Male,40
CVS_0641,3,Male,Low,b,NR,80,75,30,65,$5-$25,65,75,65,Male,46
CVS_0642,11,Male,Med,c,NR,83,10,65,79,$100-$500,20,51,30,Male,28
CVS_0645,7,Female,Med,a,NR,90,76,84,72,$100-$500,33,67,66,Male,30
CVS_0648,18,Male,High,c,R,75,100,20,33,$5-$25,0,51,61,Female,37
CVS_0649,10,Male,Med,b,R,60,80,52,60,$25-$100,31,43,60,Female,38
CVS_0653,18,Male,High,c,R,80,95,70,60,$5-$25,70,90,85,Male,38
CVS_0656,7,Female,Med,a,NR,20,70,90,90,$5-$25,90,50,80,Male,45
CVS_0657,6,Female,Low,c,R,6,51,10,26,$25-$100,6,65,51,Female,55
CVS_0660,18,Male,High,c,R,78,70,66,80,more than $2500,85,85,82,Male,29
CVS_0670,18,Male,High,c,R,4,100,0,93,$25-$100,100,2,100,Male,34
CVS_0674,10,Male,Med,b,R,20,27,74,69,$25-$100,60,80,78,Female,39
CVS_0675,6,Female,Low,c,R,90,2,90,50,$5-$25,80,99,50,Female,70
CVS_0681,6,Female,Low,c,R,70,76,73,71,$100-$500,35,92,89,Female,41
CVS_0683,6,Female,Low,c,R,93,36,71,69,$1-$5,62,77,40,Male,25
CVS_0684,11,Male,Med,c,NR,50,100,50,50,$100-$500,51,50,50,Female,31
CVS_0685,15,Female,High,b,NR,35,100,45,34,$25-$100,80,35,41,Male,26
CVS_0687,6,Female,Low,c,R,23,11,65,86,$25-$100,91,4,32,Male,40
CVS_0689,18,Male,High,c,R,75,95,10,30,$25-$100,70,15,41,Male,78
CVS_0690,11,Male,Med,c,NR,63,75,85,62,$25-$100,76,7,13,Female,62
CVS_0691,7,Female,Med,a,NR,65,76,68,63,$5-$25,74,74,69,Male,28
CVS_0692,14,Female,High,a,R,67,68,70,50,$100-$500,72,60,87,Male,26
CVS_0693,14,Female,High,a,R,100,89,82,81,$25-$100,12,91,100,Male,30
CVS_0694,10,Male,Med,b,R,50,80,70,75,$5-$25,70,50,50,Male,64
CVS_0695,7,Female,Med,a,NR,41,66,21,64,$25-$100,30,23,61,Male,25
CVS_0697,6,Female,Low,c,R,62,56,16,70,$5-$25,65,8,90,Female,72
CVS_0699,10,Male,Med,b,R,65,75,30,40,$25-$100,20,45,75,Male,37
CVS_0701,11,Male,Med,c,NR,50,70,80,45,$25-$100,80,5,50,Female,36
CVS_0703,6,Female,Low,c,R,100,100,100,100,$100-$500,100,100,100,Male,28
CVS_0704,10,Male,Med,b,R,65,85,50,70,$25-$100,5,10,60,Male,35
CVS_0706,6,Female,Low,c,R,21,19,66,69,$25-$100,70,22,50,Female,33
CVS_0709,1,Female,Low,a,NR,11,15,18,30,$5-$25,32,34,40,Male,33
CVS_0711,11,Male,Med,c,NR,87,77,70,68,more than $2500,92,85,83,Male,29
CVS_0714,7,Female,Med,a,NR,20,64,35,50,0,55,0,42,Male,32
CVS_0716,14,Female,High,a,R,55,100,26,62,$5-$25,7,28,78,Male,33
CVS_0717,15,Female,High,b,NR,100,94,74,9,$25-$100,89,75,50,Male,25
CVS_0722,1,Female,Low,a,NR,12,4,24,77,more than $2500,56,62,84,Male,27
CVS_0723,1,Female,Low,a,NR,13,29,86,36,0,51,35,79,Female,21
CVS_0724,7,Female,Med,a,NR,100,81,25,99,$25-$100,98,32,44,Female,27
CVS_0725,10,Male,Med,b,R,33,45,55,38,0,40,51,61,Male,34
CVS_0729,18,Male,High,c,R,65,97,15,35,$100-$500,10,40,70,Male,42
CVS_0732,15,Female,High,b,NR,21,100,78,57,$25-$100,100,38,70,Female,26
CVS_0736,10,Male,Med,b,R,90,75,75,79,$100-$500,94,42,75,Female,37
CVS_0740,6,Female,Low,c,R,66,72,68,80,$100-$500,83,94,90,Female,39
CVS_0741,3,Male,Low,b,NR,10,41,23,18,$100-$500,9,61,50,Female,52
CVS_0742,6,Female,Low,c,R,50,50,50,50,0,50,10,50,Female,69
CVS_0744,11,Male,Med,c,NR,39,91,69,80,$100-$500,50,34,63,Male,28
CVS_0745,3,Male,Low,b,NR,10,15,67,31,$1-$5,63,38,23,Male,21
CVS_0747,18,Male,High,c,R,31,95,72,54,$5-$25,7,81,63,Female,35
CVS_0750,14,Female,High,a,R,70,89,43,67,$25-$100,33,45,78,Male,36
CVS_0754,7,Female,Med,a,NR,41,75,55,38,$5-$25,84,42,76,Female,58
CVS_0755,14,Female,High,a,R,83,77,79,72,$100-$500,17,76,58,Female,30
CVS_0756,3,Male,Low,b,NR,20,66,40,55,0,71,52,52,Male,39
CVS_0760,6,Female,Low,c,R,70,10,90,0,$5-$25,90,70,70,Male,49
CVS_0764,11,Male,Med,c,NR,49,74,64,69,$25-$100,68,69,68,Female,25
CVS_0765,14,Female,High,a,R,94,95,91,95,$25-$100,88,94,92,Female,35
CVS_0768,6,Female,Low,c,R,72,43,75,91,$25-$100,63,89,86,Male,36
CVS_0770,3,Male,Low,b,NR,50,32,65,72,$5-$25,60,70,50,Male,32
CVS_0774,18,Male,High,c,R,63,66,76,70,$5-$25,41,60,73,Male,26
CVS_0775,15,Female,High,b,NR,75,71,80,76,$25-$100,59,84,88,Male,30
CVS_0778,15,Female,High,b,NR,21,99,48,27,more than $2500,75,60,66,Female,53
CVS_0779,6,Female,Low,c,R,73,51,38,50,$5-$25,51,41,51,Female,28
CVS_0790,10,Male,Med,b,R,66,81,73,70,$25-$100,85,89,62,Male,29
CVS_0793,3,Male,Low,b,NR,57,16,85,23,$5-$25,78,85,63,Male,27
CVS_0796,10,Male,Med,b,R,87,89,81,84,$100-$500,85,91,81,Male,30
CVS_0798,7,Female,Med,a,NR,0,0,0,0,0,0,84,6,Male,35
CVS_0800,6,Female,Low,c,R,50,15,73,95,$25-$100,50,74,24,Male,38
CVS_0804,1,Female,Low,a,NR,3,46,69,51,$25-$100,48,23,52,Female,62
CVS_0809,11,Male,Med,c,NR,25,71,100,60,$25-$100,12,0,40,Male,27
CVS_0814,10,Male,Med,b,R,64,24,89,82,0,94,91,51,Male,26
CVS_0816,10,Male,Med,b,R,70,75,26,61,$25-$100,11,66,90,Female,43
CVS_0817,18,Male,High,c,R,64,97,19,24,$5-$25,10,30,41,Male,49
CVS_0822,18,Male,High,c,R,39,59,60,66,$5-$25,83,83,80,Male,25
CVS_0823,3,Male,Low,b,NR,8,27,77,77,$500-$2500,72,70,62,Male,29
CVS_0824,15,Female,High,b,NR,64,86,30,66,$5-$25,56,2,58,Male,29
CVS_0828,18,Male,High,c,R,75,58,38,3,$100-$500,28,60,31,Male,41
CVS_0830,3,Male,Low,b,NR,78,36,18,72,$25-$100,64,62,70,Female,21
CVS_0836,1,Female,Low,a,NR,12,33,37,28,0,29,66,46,Female,47
CVS_0841,7,Female,Med,a,NR,45,62,61,70,$1-$5,39,16,36,Male,26
CVS_0844,11,Male,Med,c,NR,30,62,39,77,$100-$500,92,60,57,Male,31
CVS_0851,3,Male,Low,b,NR,40,50,58,59,$25-$100,80,31,69,Female,23
CVS_0852,14,Female,High,a,R,85,93,87,93,$100-$500,56,100,77,Male,26
CVS_0856,10,Male,Med,b,R,57,71,43,31,$5-$25,34,65,59,Male,33
CVS_0857,3,Male,Low,b,NR,30,10,23,22,more than $2500,12,67,74,Female,39
CVS_0859,7,Female,Med,a,NR,29,45,45,38,$25-$100,25,52,29,Male,28
CVS_0861,6,Female,Low,c,R,70,20,1,90,$500-$2500,80,1,5,Female,41
CVS_0862,10,Male,Med,b,R,80,72,21,68,$100-$500,63,32,74,Male,61
CVS_0863,14,Female,High,a,R,55,100,10,50,$25-$100,20,30,60,Female,29
CVS_0864,1,Female,Low,a,NR,3,80,5,20,$5-$25,20,55,80,Male,26
CVS_0865,18,Male,High,c,R,100,96,71,20,$5-$25,86,90,55,Female,33
CVS_0866,6,Female,Low,c,R,5,5,60,70,$25-$100,71,19,35,Male,47
CVS_0867,14,Female,High,a,R,51,51,0,0,$25-$100,31,50,50,Female,24
CVS_0868,1,Female,Low,a,NR,23,63,67,56,$5-$25,73,39,73,Female,57
CVS_0871,3,Male,Low,b,NR,68,51,89,51,$5-$25,35,84,47,Male,40
CVS_0873,15,Female,High,b,NR,16,97,61,50,0,74,55,50,Female,54
CVS_0875,11,Male,Med,c,NR,65,64,66,68,$5-$25,65,83,79,Female,23
CVS_0876,10,Male,Med,b,R,64,65,25,30,$25-$100,35,30,70,Female,35
CVS_0878,15,Female,High,b,NR,56,100,90,90,$5-$25,0,0,90,Male,55
CVS_0881,6,Female,Low,c,R,100,5,75,0,$100-$500,94,0,50,Male,35
CVS_0882,7,Female,Med,a,NR,51,20,13,75,0,11,77,75,Male,72
CVS_0885,1,Female,Low,a,NR,3,76,76,65,$25-$100,83,70,84,Male,43
CVS_0886,11,Male,Med,c,NR,6,37,75,12,0,61,8,30,Female,56
CVS_0888,3,Male,Low,b,NR,50,5,10,24,$100-$500,10,66,74,Male,56
CVS_0899,11,Male,Med,c,NR,65,73,60,75,$25-$100,63,63,85,Male,26
CVS_0903,3,Male,Low,b,NR,40,25,20,70,$1-$5,10,20,10,Male,48
CVS_0909,6,Female,Low,c,R,82,93,73,25,$25-$100,70,86,50,Male,25
CVS_0912,11,Male,Med,c,NR,33,72,88,62,$25-$100,83,5,67,Female,37
CVS_0916,10,Male,Med,b,R,74,74,63,26,0,39,70,37,Male,51
CVS_0917,11,Male,Med,c,NR,85,100,100,84,$100-$500,90,100,93,Male,40
CVS_0919,18,Male,High,c,R,86,100,100,100,0,68,54,72,Male,49
CVS_0920,15,Female,High,b,NR,56,100,68,69,$500-$2500,85,65,67,Male,55
CVS_0922,3,Male,Low,b,NR,60,60,39,70,$100-$500,61,55,54,Male,24
CVS_0923,7,Female,Med,a,NR,0,90,100,90,0,90,0,10,Male,37
CVS_0924,14,Female,High,a,R,58,81,55,43,$1-$5,39,46,34,Male,40
CVS_0930,18,Male,High,c,R,76,100,15,42,$100-$500,31,6,62,Male,37
CVS_0931,11,Male,Med,c,NR,100,100,100,1,$500-$2500,0,100,35,Female,38
CVS_0932,10,Male,Med,b,R,10,85,10,15,$100-$500,57,41,35,Male,50
CVS_0935,7,Female,Med,a,NR,79,74,66,72,$25-$100,73,71,78,Female,32
CVS_0936,15,Female,High,b,NR,60,90,55,84,more than $2500,85,55,79,Male,32
CVS_0943,3,Male,Low,b,NR,91,66,100,65,$5-$25,84,85,84,Male,29
CVS_0947,6,Female,Low,c,R,69,63,31,86,$5-$25,62,69,73,Male,29
CVS_0948,14,Female,High,a,R,51,50,51,50,$100-$500,70,25,51,Male,25
CVS_0951,18,Male,High,c,R,80,100,31,55,$25-$100,40,80,70,Male,27
CVS_0953,15,Female,High,b,NR,33,100,65,68,$5-$25,61,72,79,Male,31
CVS_0955,10,Male,Med,b,R,68,87,60,91,$5-$25,51,75,92,Male,57
CVS_0960,18,Male,High,c,R,66,60,76,64,$25-$100,26,79,61,Male,26
CVS_0961,7,Female,Med,a,NR,43,73,63,40,$5-$25,59,59,75,Female,27
CVS_0964,14,Female,High,a,R,50,100,48,50,$25-$100,24,51,50,Female,53
CVS_0965,1,Female,Low,a,NR,17,14,37,70,$100-$500,30,0,29,Female,45
CVS_0966,10,Male,Med,b,R,30,65,25,35,$25-$100,60,65,61,Male,37
CVS_0967,10,Male,Med,b,R,60,35,25,20,$100-$500,65,20,75,Male,42
CVS_0968,1,Female,Low,a,NR,50,50,50,51,$25-$100,50,20,51,Female,38
CVS_0969,3,Male,Low,b,NR,51,63,69,59,0,62,55,69,Male,35
CVS_0979,3,Male,Low,b,NR,10,50,26,18,$25-$100,27,65,63,Female,32
CVS_0980,6,Female,Low,c,R,66,69,34,77,$100-$500,44,57,75,Male,68
CVS_0981,10,Male,Med,b,R,69,81,87,80,$5-$25,98,62,65,Male,35
CVS_0982,18,Male,High,c,R,90,63,59,86,$25-$100,80,37,79,Male,30
CVS_0985,7,Female,Med,a,NR,20,94,78,87,$25-$100,97,66,74,Male,28
CVS_0987,10,Male,Med,b,R,60,2,63,80,$1-$5,7,59,81,Male,32
CVS_0989,7,Female,Med,a,NR,67,72,34,82,$5-$25,68,67,97,Male,29
CVS_0991,15,Female,High,b,NR,20,100,40,30,0,75,25,50,Female,51
CVS_0992,1,Female,Low,a,NR,75,16,78,81,$25-$100,77,71,73,Male,34
CVS_0993,1,Female,Low,a,NR,18,50,25,61,$25-$100,33,0,13,Female,73
CVS_0994,11,Male,Med,c,NR,24,100,85,96,$5-$25,90,80,85,Male,28
CVS_0997,3,Male,Low,b,NR,75,64,59,86,$100-$500,78,62,60,Female,33
CVS_0999,10,Male,Med,b,R,56,93,58,44,$5-$25,19,23,51,Female,33
CVS_1001,3,Male,Low,b,NR,9,12,85,79,$500-$2500,84,94,50,Male,28
CVS_1002,10,Male,Med,b,R,75,76,5,51,$5-$25,0,9,70,Male,50
CVS_1003,6,Female,Low,c,R,25,20,25,75,$25-$100,50,50,80,Male,30
CVS_1004,6,Female,Low,c,R,34,20,63,70,0,58,74,70,Female,32
CVS_1005,10,Male,Med,b,R,75,100,73,45,$100-$500,5,56,37,Male,32
CVS_1006,10,Male,Med,b,R,75,92,37,22,$5-$25,15,36,21,Male,30
CVS_1008,14,Female,High,a,R,67,95,20,35,$100-$500,20,10,70,Male,59
CVS_1009,14,Female,High,a,R,92,95,95,94,$100-$500,79,86,91,Female,42
CVS_1010,11,Male,Med,c,NR,72,65,77,66,$5-$25,65,66,75,Female,24
CVS_1012,3,Male,Low,b,NR,75,30,65,40,$25-$100,40,45,30,Female,27
CVS_1015,1,Female,Low,a,NR,6,52,26,51,$5-$25,51,51,81,Male,44
CVS_1016,18,Male,High,c,R,80,80,85,84,$500-$2500,20,81,79,Male,34
CVS_1018,15,Female,High,b,NR,25,100,100,80,0,20,75,75,Male,45
CVS_1020,10,Male,Med,b,R,74,86,75,4,$25-$100,64,69,82,Male,32
CVS_1021,7,Female,Med,a,NR,86,85,79,3,$5-$25,67,85,82,Male,32
CVS_1022,14,Female,High,a,R,57,35,55,65,$25-$100,39,54,39,Male,56
CVS_1023,18,Male,High,c,R,80,100,31,70,$25-$100,15,54,77,Male,35
CVS_1024,1,Female,Low,a,NR,50,25,60,45,0,10,15,30,Female,45
CVS_1025,6,Female,Low,c,R,73,78,37,10,$1-$5,88,82,83,Male,29
CVS_1026,6,Female,Low,c,R,95,100,90,75,$25-$100,85,75,50,Female,51
CVS_1027,1,Female,Low,a,NR,93,88,87,94,$25-$100,69,72,81,Female,30
CVS_1028,10,Male,Med,b,R,65,35,60,60,$1-$5,70,30,60,Male,32
CVS_1029,1,Female,Low,a,NR,68,19,34,15,$5-$25,85,62,90,Male,30
CVS_1030,3,Male,Low,b,NR,20,20,43,33,0,50,24,50,Male,51
CVS_1032,15,Female,High,b,NR,25,100,80,40,$1-$5,90,60,60,Female,66
CVS_1035,14,Female,High,a,R,73,89,57,74,$25-$100,68,68,86,Male,47
CVS_1036,18,Male,High,c,R,75,100,75,50,$25-$100,25,0,75,Female,56
CVS_1037,18,Male,High,c,R,62,94,16,12,more than $2500,2,6,57,Male,65
CVS_1038,11,Male,Med,c,NR,32,58,61,65,$25-$100,51,34,51,Female,35
CVS_1039,3,Male,Low,b,NR,10,60,40,75,$5-$25,65,70,60,Female,47
CVS_1040,18,Male,High,c,R,80,87,8,65,$100-$500,37,15,78,Female,48
CVS_1042,11,Male,Med,c,NR,25,90,50,90,$100-$500,95,50,100,Male,33
CVS_1047,10,Male,Med,b,R,100,80,20,65,$1-$5,20,31,60,Male,30
CVS_1050,10,Male,Med,b,R,86,0,100,41,$5-$25,100,99,59,Male,34
CVS_1051,11,Male,Med,c,NR,34,18,78,84,$25-$100,66,81,75,Male,35
CVS_1052,1,Female,Low,a,NR,18,28,20,16,$1-$5,34,9,23,Male,30
CVS_1053,14,Female,High,a,R,69,95,86,23,$25-$100,4,76,71,Male,41
CVS_1054,1,Female,Low,a,NR,11,0,19,91,$1-$5,2,19,90,Male,38
CVS_1055,3,Male,Low,b,NR,92,92,95,95,$100-$500,91,87,91,Female,31
CVS_1060,6,Female,Low,c,R,70,76,76,79,$5-$25,68,71,72,Male,40
CVS_1063,15,Female,High,b,NR,5,100,75,40,$1-$5,20,95,25,Male,46
CVS_1065,14,Female,High,a,R,92,85,58,22,$100-$500,20,70,43,Male,33
CVS_1066,6,Female,Low,c,R,31,25,74,83,$5-$25,75,35,51,Male,42
CVS_1067,7,Female,Med,a,NR,60,80,15,70,$25-$100,10,20,80,Male,44
CVS_1068,15,Female,High,b,NR,81,92,97,90,$5-$25,100,33,90,Female,32
CVS_1071,7,Female,Med,a,NR,60,100,100,100,$25-$100,100,75,90,Male,35
CVS_1072,6,Female,Low,c,R,89,90,87,87,$100-$500,85,73,77,Male,39
CVS_1073,10,Male,Med,b,R,36,64,71,75,$1-$5,72,75,83,Female,34
CVS_1074,1,Female,Low,a,NR,25,43,80,28,$25-$100,40,4,18,Male,31
CVS_1075,15,Female,High,b,NR,100,100,70,33,$100-$500,0,60,30,Male,30
CVS_1076,15,Female,High,b,NR,69,91,62,79,$25-$100,18,80,57,Male,25
CVS_1079,1,Female,Low,a,NR,5,35,15,75,$1-$5,66,0,0,Male,29
CVS_1081,6,Female,Low,c,R,57,79,44,67,more than $2500,82,44,64,Male,47
CVS_1084,3,Male,Low,b,NR,79,0,19,0,$100-$500,0,39,50,Male,30
CVS_1086,11,Male,Med,c,NR,40,70,29,26,$100-$500,30,61,64,Male,20
CVS_1088,1,Female,Low,a,NR,24,63,24,33,$5-$25,69,72,66,Male,37
CVS_1090,14,Female,High,a,R,95,95,90,85,$25-$100,93,10,70,Male,34
CVS_1091,7,Female,Med,a,NR,33,75,84,53,$25-$100,41,12,43,Female,44
CVS_1092,14,Female,High,a,R,60,100,27,38,$100-$500,63,28,62,Female,26
CVS_1093,10,Male,Med,b,R,78,63,35,50,$100-$500,51,50,50,Female,44
CVS_1094,7,Female,Med,a,NR,62,95,19,45,$25-$100,90,2,58,Female,50
CVS_1095,7,Female,Med,a,NR,43,51,52,55,$1-$5,51,30,56,Female,31
CVS_1096,15,Female,High,b,NR,76,100,25,75,$25-$100,80,75,75,Male,45
CVS_1099,3,Male,Low,b,NR,10,25,20,70,$25-$100,25,40,68,Male,50
CVS_1100,7,Female,Med,a,NR,21,66,57,61,$100-$500,36,44,56,Male,39
CVS_1101,1,Female,Low,a,NR,40,35,33,21,$25-$100,40,5,51,Female,29
CVS_1102,6,Female,Low,c,R,50,10,70,80,$25-$100,90,50,51,Female,28
CVS_1105,1,Female,Low,a,NR,61,60,38,21,$500-$2500,50,51,66,Male,36
CVS_0014,9,Female,Med,b,NR,23,65,74,73,0,85,25,30,Female,34
CVS_0018,5,Male,Low,c,NR,50,7,16,18,$5-$25,10,31,40,Female,22
CVS_0020,12,Female,Med,c,R,61,37,42,29,$25-$100,59,35,58,Female,23
CVS_0027,2,Male,Low,a,R,75,60,60,60,$5-$25,60,60,60,Male,30
CVS_0033,17,Female,High,c,NR,20,95,80,60,0,60,0,20,Male,30
CVS_0034,17,Female,High,c,NR,20,100,25,85,$25-$100,90,15,80,Female,27
CVS_0035,5,Male,Low,c,NR,35,15,30,35,$25-$100,10,0,45,Male,39
CVS_0036,13,Male,High,a,NR,16,100,70,83,$100-$500,40,7,72,Male,41
CVS_0039,4,Female,Low,b,R,56,42,57,57,$25-$100,58,41,55,Male,30
CVS_0044,8,Male,Med,a,R,31,55,67,56,$5-$25,70,34,50,Male,36
CVS_0051,2,Male,Low,a,R,67,20,65,77,$25-$100,79,26,19,Female,38
CVS_0054,2,Male,Low,a,R,13,5,19,20,$5-$25,66,12,35,Female,28
CVS_0056,9,Female,Med,b,NR,20,10,25,24,0,23,18,13,Male,31
CVS_0058,2,Male,Low,a,R,37,23,52,53,$5-$25,71,68,54,Female,40
CVS_0061,8,Male,Med,a,R,77,87,15,91,$500-$2500,23,58,20,Female,35
CVS_0065,9,Female,Med,b,NR,51,66,59,66,0,68,43,52,Female,28
CVS_0068,13,Male,High,a,NR,23,100,36,35,$5-$25,76,59,61,Female,41
CVS_0070,2,Male,Low,a,R,64,22,87,77,$25-$100,71,2,23,Female,42
CVS_0071,16,Male,High,b,R,68,94,43,37,$5-$25,51,60,60,Male,44
CVS_0072,4,Female,Low,b,R,30,20,75,75,0,80,0,60,Male,28
CVS_0075,8,Male,Med,a,R,60,80,30,30,$25-$100,25,35,35,Female,32
CVS_0076,4,Female,Low,b,R,23,11,55,93,$25-$100,51,9,6,Female,44
CVS_0084,5,Male,Low,c,NR,30,20,15,70,$25-$100,30,98,95,Female,31
CVS_0089,17,Female,High,c,NR,7,100,96,98,0,100,7,14,Female,33
CVS_0090,13,Male,High,a,NR,62,86,82,55,$500-$2500,61,44,40,Female,33
CVS_0107,17,Female,High,c,NR,38,95,40,53,$25-$100,75,85,56,Male,45
CVS_0111,4,Female,Low,b,R,50,51,77,35,$1-$5,50,68,49,Male,35
CVS_0112,9,Female,Med,b,NR,37,90,20,12,$25-$100,38,61,61,Female,45
CVS_0115,12,Female,Med,c,R,58,43,65,58,0,63,49,56,Male,25
CVS_0118,17,Female,High,c,NR,15,100,75,55,$5-$25,95,80,65,Male,42
CVS_0122,4,Female,Low,b,R,79,74,19,32,$5-$25,10,82,39,Male,54
CVS_0123,17,Female,High,c,NR,38,99,40,43,$1-$5,87,24,53,Female,27
CVS_0125,17,Female,High,c,NR,50,100,50,50,$25-$100,60,12,50,Female,26
CVS_0126,2,Male,Low,a,R,33,25,50,50,0,50,25,25,Male,27
CVS_0137,13,Male,High,a,NR,10,100,25,20,$100-$500,25,25,50,Male,49
CVS_0139,8,Male,Med,a,R,73,90,81,61,0,58,64,69,Female,23
CVS_0140,17,Female,High,c,NR,30,100,75,50,$25-$100,65,25,50,Male,30
CVS_0143,2,Male,Low,a,R,60,40,75,47,$25-$100,70,30,54,Female,44
CVS_0146,9,Female,Med,b,NR,26,43,28,34,$5-$25,27,59,44,Male,30
CVS_0147,2,Male,Low,a,R,61,29,61,67,$100-$500,75,35,41,Male,33
CVS_0154,17,Female,High,c,NR,23,100,72,60,$5-$25,20,44,62,Male,29
CVS_0157,4,Female,Low,b,R,54,22,54,51,$25-$100,51,82,57,Male,34
CVS_0158,5,Male,Low,c,NR,56,10,35,11,$25-$100,10,50,51,Female,44
CVS_0162,9,Female,Med,b,NR,25,90,62,20,$25-$100,65,18,87,Female,45
CVS_0163,12,Female,Med,c,R,64,83,26,30,$5-$25,20,26,50,Female,31
CVS_0164,4,Female,Low,b,R,88,29,89,91,$100-$500,88,53,51,Male,38
CVS_0168,2,Male,Low,a,R,50,50,20,50,$5-$25,65,0,30,Male,64
CVS_0169,9,Female,Med,b,NR,3,50,66,4,0,5,32,4,Male,39
CVS_0174,12,Female,Med,c,R,74,64,58,49,$25-$100,64,61,55,Female,20
CVS_0176,13,Male,High,a,NR,1,100,10,51,0,50,1,51,Male,29
CVS_0179,8,Male,Med,a,R,60,80,15,10,$25-$100,45,10,20,Female,35
CVS_0180,5,Male,Low,c,NR,17,26,25,59,$25-$100,28,61,74,Male,35
CVS_0184,8,Male,Med,a,R,72,80,16,37,$100-$500,17,3,62,Female,57
CVS_0186,17,Female,High,c,NR,21,90,39,59,$100-$500,14,14,38,Male,51
CVS_0187,12,Female,Med,c,R,25,65,20,40,$100-$500,25,5,60,Male,40
CVS_0189,8,Male,Med,a,R,76,82,10,63,$25-$100,13,18,69,Male,52
CVS_0193,12,Female,Med,c,R,95,33,83,78,$25-$100,23,67,85,Female,26
CVS_0195,9,Female,Med,b,NR,7,89,82,82,$1-$5,37,25,11,Female,37
CVS_0202,17,Female,High,c,NR,51,100,91,59,$25-$100,93,18,62,Male,43
CVS_0213,2,Male,Low,a,R,15,25,40,20,$25-$100,75,20,25,Male,43
CVS_0216,5,Male,Low,c,NR,75,50,71,41,$25-$100,40,90,40,Female,47
CVS_0219,8,Male,Med,a,R,91,70,50,47,$25-$100,42,56,62,Female,36
CVS_0220,16,Male,High,b,R,50,98,1,10,$100-$500,19,0,50,Male,63
CVS_0221,2,Male,Low,a,R,37,16,66,70,$25-$100,80,58,25,Female,52
CVS_0228,12,Female,Med,c,R,20,70,23,60,$100-$500,20,30,70,Male,31
CVS_0231,2,Male,Low,a,R,55,31,65,41,$25-$100,26,5,62,Female,50
CVS_0234,4,Female,Low,b,R,8,5,2,60,$25-$100,60,70,2,Male,26
CVS_0238,13,Male,High,a,NR,8,100,39,65,$5-$25,42,64,62,Female,32
CVS_0241,2,Male,Low,a,R,10,35,8,15,0,50,0,15,Female,65
CVS_0242,12,Female,Med,c,R,69,91,14,21,$25-$100,22,17,19,Prefer not to say,20
CVS_0244,4,Female,Low,b,R,23,38,40,35,0,45,22,50,Female,47
CVS_0245,12,Female,Med,c,R,35,80,15,50,$1-$5,20,4,70,Female,36
CVS_0249,2,Male,Low,a,R,62,44,75,75,0,72,63,57,Male,30
CVS_0258,16,Male,High,b,R,60,100,40,50,0,20,30,50,Female,36
CVS_0261,16,Male,High,b,R,70,60,30,71,$25-$100,30,85,80,Male,29
CVS_0263,17,Female,High,c,NR,15,100,7,25,$25-$100,60,10,70,Female,37
CVS_0267,9,Female,Med,b,NR,35,70,45,45,$25-$100,45,40,55,Male,45
CVS_0268,4,Female,Low,b,R,35,25,75,75,$100-$500,65,50,25,Male,33
CVS_0270,5,Male,Low,c,NR,13,27,55,45,$25-$100,47,56,48,Male,33
CVS_0277,8,Male,Med,a,R,4,100,63,66,$25-$100,0,0,30,Male,26
CVS_0278,12,Female,Med,c,R,76,90,80,5,$100-$500,75,30,35,Female,56
CVS_0279,17,Female,High,c,NR,12,100,17,76,$100-$500,25,18,25,Male,42
CVS_0286,5,Male,Low,c,NR,30,20,50,25,$100-$500,22,25,40,Female,70
CVS_0294,5,Male,Low,c,NR,50,8,70,80,$25-$100,11,56,70,Male,76
CVS_0304,13,Male,High,a,NR,5,93,70,51,0,51,13,41,Female,26
CVS_0307,9,Female,Med,b,NR,20,75,40,30,$5-$25,40,45,50,Female,27
CVS_0309,17,Female,High,c,NR,25,95,40,25,$25-$100,55,35,63,Male,41
CVS_0310,5,Male,Low,c,NR,5,30,50,50,0,25,20,60,Female,26
CVS_0312,8,Male,Med,a,R,40,85,20,45,$100-$500,40,2,45,Male,30
CVS_0315,12,Female,Med,c,R,15,25,70,33,0,75,9,12,Male,27
CVS_0318,13,Male,High,a,NR,91,100,59,87,$25-$100,50,60,87,Male,40
CVS_0320,9,Female,Med,b,NR,53,75,29,45,$25-$100,21,71,46,Male,38
CVS_0321,13,Male,High,a,NR,78,96,82,50,$100-$500,59,55,61,Male,26
CVS_0322,2,Male,Low,a,R,96,25,94,76,$100-$500,74,31,50,Female,41
CVS_0325,4,Female,Low,b,R,60,40,70,75,$100-$500,70,51,50,Female,42
CVS_0332,8,Male,Med,a,R,51,85,51,36,$25-$100,51,51,51,Male,74
CVS_0335,5,Male,Low,c,NR,10,14,20,20,0,19,0,10,Male,32
CVS_0336,17,Female,High,c,NR,90,91,93,89,$5-$25,9,81,71,Male,25
CVS_0340,17,Female,High,c,NR,7,100,31,82,$5-$25,33,66,78,Female,39
CVS_0348,12,Female,Med,c,R,60,75,40,50,$1-$5,27,40,72,Female,32
CVS_0350,17,Female,High,c,NR,67,67,71,56,$25-$100,51,57,58,Female,48
CVS_0353,12,Female,Med,c,R,50,80,30,50,$25-$100,60,25,50,Female,33
CVS_0357,2,Male,Low,a,R,50,5,95,95,$5-$25,95,50,10,Male,47
CVS_0358,9,Female,Med,b,NR,38,75,60,60,0,37,52,37,Female,34
CVS_0359,12,Female,Med,c,R,80,80,10,50,$25-$100,30,0,50,Female,58
CVS_0361,17,Female,High,c,NR,23,99,50,51,$100-$500,70,50,57,Female,39
CVS_0365,16,Male,High,b,R,59,100,21,61,$100-$500,24,41,65,Male,34
CVS_0370,5,Male,Low,c,NR,11,37,82,77,$5-$25,67,63,70,Male,42
CVS_0371,9,Female,Med,b,NR,40,91,40,40,$100-$500,75,75,65,Female,37
CVS_0372,16,Male,High,b,R,85,90,9,50,$25-$100,8,21,50,Male,30
CVS_0374,5,Male,Low,c,NR,65,74,99,19,0,70,100,26,Male,66
CVS_0375,5,Male,Low,c,NR,81,83,85,85,$1-$5,78,90,78,Male,34
CVS_0378,8,Male,Med,a,R,65,70,28,39,$100-$500,30,40,57,Male,55
CVS_0380,17,Female,High,c,NR,13,100,81,100,$25-$100,0,0,12,Male,39
CVS_0383,5,Male,Low,c,NR,7,29,62,71,$5-$25,47,10,39,Female,63
CVS_0386,17,Female,High,c,NR,50,100,50,50,$25-$100,85,10,50,Female,42
CVS_0395,16,Male,High,b,R,80,99,5,50,$100-$500,1,50,50,Female,56
CVS_0399,9,Female,Med,b,NR,23,51,50,34,$5-$25,68,55,50,Female,58
CVS_0400,12,Female,Med,c,R,72,67,31,46,$5-$25,29,38,55,Female,24
CVS_0406,12,Female,Med,c,R,61,80,51,60,$5-$25,65,51,59,Female,55
CVS_0409,4,Female,Low,b,R,50,50,50,50,0,50,50,50,Female,52
CVS_0411,8,Male,Med,a,R,80,90,45,50,$25-$100,32,69,50,Male,35
CVS_0414,16,Male,High,b,R,54,82,81,26,$100-$500,36,27,73,Female,28
CVS_0417,5,Male,Low,c,NR,10,7,15,10,$5-$25,5,0,5,Male,47
CVS_0420,5,Male,Low,c,NR,57,20,20,60,$5-$25,12,15,71,Female,37
CVS_0422,16,Male,High,b,R,80,90,85,70,$100-$500,70,95,60,Female,59
CVS_0423,16,Male,High,b,R,74,98,72,73,$25-$100,53,75,79,Female,56
CVS_0425,17,Female,High,c,NR,0,100,33,51,$5-$25,100,38,51,Female,47
CVS_0430,9,Female,Med,b,NR,5,75,30,25,0,31,70,50,Male,48
CVS_0433,5,Male,Low,c,NR,55,0,90,10,$5-$25,25,70,0,Male,29
CVS_0436,2,Male,Low,a,R,30,20,10,50,0,80,0,20,Male,30
CVS_0439,2,Male,Low,a,R,56,0,36,53,$25-$100,81,86,37,Female,25
CVS_0441,16,Male,High,b,R,60,100,25,65,$25-$100,5,40,60,Female,33
CVS_0447,8,Male,Med,a,R,66,90,0,60,$1-$5,5,16,70,Male,28
CVS_0451,12,Female,Med,c,R,35,91,4,0,$25-$100,0,1,35,Female,28
CVS_0458,12,Female,Med,c,R,75,85,71,50,$25-$100,60,60,55,Female,24
CVS_0459,2,Male,Low,a,R,50,9,80,85,less then $1,80,40,50,Prefer not to say,23
CVS_0464,5,Male,Low,c,NR,7,83,76,78,more than $2500,25,17,29,Male,42
CVS_0467,5,Male,Low,c,NR,71,51,62,76,0,44,69,69,Female,28
CVS_0468,13,Male,High,a,NR,11,100,40,45,$1-$5,85,56,53,Female,31
CVS_0470,16,Male,High,b,R,35,65,60,71,$500-$2500,17,50,57,Female,57
CVS_0476,13,Male,High,a,NR,20,100,50,50,0,100,50,50,Male,23
CVS_0479,16,Male,High,b,R,96,81,76,75,$100-$500,88,80,85,Male,31
CVS_0480,4,Female,Low,b,R,72,41,27,13,$100-$500,22,40,1,Male,32
CVS_0483,13,Male,High,a,NR,50,93,25,33,$25-$100,11,10,50,Female,40
CVS_0488,12,Female,Med,c,R,65,62,34,67,$25-$100,36,27,66,Female,35
CVS_0492,2,Male,Low,a,R,15,5,25,30,$5-$25,75,0,2,Male,60
CVS_0495,16,Male,High,b,R,69,85,39,55,$100-$500,36,55,47,Male,33
CVS_0499,5,Male,Low,c,NR,19,23,37,30,$100-$500,29,25,38,Female,38
CVS_0506,12,Female,Med,c,R,22,15,15,27,$5-$25,10,35,19,Other,28
CVS_0508,5,Male,Low,c,NR,51,18,4,18,$25-$100,82,16,51,Female,26
CVS_0509,17,Female,High,c,NR,0,100,40,28,0,0,30,30,Female,64
CVS_0514,9,Female,Med,b,NR,94,85,69,80,$25-$100,52,85,71,Male,29
CVS_0518,4,Female,Low,b,R,67,35,77,76,$100-$500,61,73,73,Male,27
CVS_0521,9,Female,Med,b,NR,20,25,40,55,$100-$500,65,70,40,Male,32
CVS_0523,13,Male,High,a,NR,80,100,30,40,$5-$25,58,30,50,Female,65
CVS_0524,8,Male,Med,a,R,83,81,35,35,$5-$25,19,36,50,Female,59
CVS_0525,5,Male,Low,c,NR,30,4,20,29,$25-$100,4,29,50,Male,34
CVS_0528,16,Male,High,b,R,60,100,0,0,$100-$500,0,35,10,Female,47
CVS_0529,5,Male,Low,c,NR,25,91,90,75,$25-$100,89,80,51,Female,41
CVS_0533,13,Male,High,a,NR,30,85,60,40,0,80,40,35,Male,44
CVS_0537,9,Female,Med,b,NR,60,20,10,65,$5-$25,70,25,60,Male,28
CVS_0540,16,Male,High,b,R,87,100,50,70,$25-$100,21,22,60,Female,35
CVS_0544,4,Female,Low,b,R,61,13,66,42,$25-$100,67,32,41,Male,43
CVS_0552,8,Male,Med,a,R,57,51,51,52,$25-$100,33,58,58,Male,37
CVS_0563,9,Female,Med,b,NR,17,69,25,79,$25-$100,18,30,56,Female,62
CVS_0568,4,Female,Low,b,R,36,39,66,56,$5-$25,59,68,52,Female,32
CVS_0571,12,Female,Med,c,R,51,82,65,27,$5-$25,36,51,30,Male,27
CVS_0575,13,Male,High,a,NR,23,76,60,30,less then $1,58,60,78,Male,44
CVS_0583,2,Male,Low,a,R,69,100,10,44,$25-$100,17,50,50,Female,35
CVS_0591,12,Female,Med,c,R,51,72,51,51,$100-$500,88,1,51,Female,26
CVS_0593,17,Female,High,c,NR,30,100,24,17,$100-$500,28,74,85,Female,29
CVS_0595,16,Male,High,b,R,80,100,13,19,$100-$500,0,60,35,Male,24
CVS_0596,2,Male,Low,a,R,11,35,25,47,$25-$100,46,37,14,Male,36
CVS_0597,17,Female,High,c,NR,42,93,27,13,0,39,51,72,Female,56
CVS_0599,2,Male,Low,a,R,40,5,80,90,$25-$100,83,0,50,Female,41
CVS_0602,16,Male,High,b,R,54,100,90,82,more than $2500,15,20,50,Female,55
CVS_0605,16,Male,High,b,R,67,63,26,61,$500-$2500,38,56,52,Male,38
CVS_0624,16,Male,High,b,R,62,81,9,31,$25-$100,20,64,51,Female,25
CVS_0626,9,Female,Med,b,NR,51,71,70,70,$25-$100,49,16,25,Female,35
CVS_0627,13,Male,High,a,NR,61,100,39,20,$25-$100,25,20,24,Male,39
CVS_0637,5,Male,Low,c,NR,10,50,85,40,$5-$25,50,60,75,Female,28
CVS_0638,9,Female,Med,b,NR,5,75,10,80,0,15,20,20,Male,40
CVS_0642,8,Male,Med,a,R,72,47,77,76,$25-$100,54,36,87,Male,28
CVS_0648,2,Male,Low,a,R,63,100,47,60,$1-$5,3,57,51,Female,37
CVS_0649,17,Female,High,c,NR,65,100,65,65,$25-$100,70,36,65,Female,38
CVS_0653,16,Male,High,b,R,80,90,75,65,$5-$25,20,90,95,Male,38
CVS_0656,4,Female,Low,b,R,50,35,60,80,$25-$100,80,20,64,Male,45
CVS_0685,12,Female,Med,c,R,85,90,30,55,$25-$100,20,45,70,Male,26
CVS_0689,2,Male,Low,a,R,20,14,5,40,$25-$100,77,0,50,Male,78
CVS_0690,12,Female,Med,c,R,92,62,24,51,$25-$100,23,24,54,Female,62
CVS_0699,13,Male,High,a,NR,20,100,65,30,$5-$25,60,10,35,Male,37
CVS_0701,2,Male,Low,a,R,50,50,50,50,$25-$100,50,35,50,Female,36
CVS_0704,12,Female,Med,c,R,25,75,35,65,$25-$100,25,65,35,Male,35
CVS_0706,2,Male,Low,a,R,56,56,72,78,$100-$500,71,56,56,Female,33
CVS_0709,12,Female,Med,c,R,40,68,39,55,$100-$500,29,32,65,Male,33
CVS_0714,13,Male,High,a,NR,31,100,51,51,$25-$100,51,40,38,Male,32
CVS_0716,17,Female,High,c,NR,70,99,63,60,$5-$25,55,66,65,Male,33
CVS_0717,13,Male,High,a,NR,80,98,84,86,$25-$100,85,24,19,Male,25
CVS_0725,5,Male,Low,c,NR,21,39,32,29,0,35,18,29,Male,34
CVS_0729,2,Male,Low,a,R,60,20,60,60,$25-$100,33,3,35,Male,42
CVS_0732,2,Male,Low,a,R,27,28,43,78,$25-$100,70,25,37,Female,26
CVS_0741,17,Female,High,c,NR,25,99,51,66,$100-$500,23,12,67,Female,52
CVS_0742,5,Male,Low,c,NR,50,50,50,50,$25-$100,50,50,50,Female,69
CVS_0745,17,Female,High,c,NR,22,100,63,40,$1-$5,10,34,85,Male,21
CVS_0747,4,Female,Low,b,R,63,54,32,69,$5-$25,36,35,59,Female,35
CVS_0754,9,Female,Med,b,NR,60,36,25,20,$25-$100,27,70,70,Female,58
CVS_0760,8,Male,Med,a,R,10,90,10,10,$1-$5,10,80,90,Male,49
CVS_0768,13,Male,High,a,NR,21,100,30,50,0,50,60,34,Male,36
CVS_0770,9,Female,Med,b,NR,20,70,65,75,$1-$5,70,75,55,Male,32
CVS_0793,5,Male,Low,c,NR,71,24,84,80,$25-$100,79,64,73,Male,27
CVS_0800,8,Male,Med,a,R,33,60,14,80,$500-$2500,15,9,20,Male,38
CVS_0804,2,Male,Low,a,R,51,46,67,53,0,53,2,54,Female,62
CVS_0809,4,Female,Low,b,R,60,15,30,55,$100-$500,40,60,60,Male,27
CVS_0816,12,Female,Med,c,R,75,80,61,88,$25-$100,25,75,97,Female,43
CVS_0817,5,Male,Low,c,NR,40,23,43,36,$5-$25,15,21,60,Male,49
CVS_0836,8,Male,Med,a,R,60,66,22,44,$25-$100,26,45,51,Female,47
CVS_0841,13,Male,High,a,NR,43,64,47,58,$100-$500,46,35,58,Male,26
CVS_0844,5,Male,Low,c,NR,67,18,69,29,$100-$500,72,64,78,Male,31
CVS_0851,9,Female,Med,b,NR,22,88,52,59,$25-$100,31,33,51,Female,23
CVS_0856,16,Male,High,b,R,61,100,28,17,$25-$100,7,59,34,Male,33
CVS_0861,13,Male,High,a,NR,5,100,5,5,0,27,1,20,Female,41
CVS_0862,12,Female,Med,c,R,80,87,29,70,$25-$100,39,55,85,Male,61
CVS_0863,12,Female,Med,c,R,87,33,0,20,$25-$100,37,5,49,Female,29
CVS_0864,2,Male,Low,a,R,20,0,70,35,$5-$25,10,75,0,Male,26
CVS_0866,8,Male,Med,a,R,15,10,25,40,$100-$500,25,20,55,Male,47
CVS_0871,17,Female,High,c,NR,51,100,60,92,$5-$25,51,51,88,Male,40
CVS_0873,13,Male,High,a,NR,33,90,73,64,0,63,13,19,Female,54
CVS_0881,2,Male,Low,a,R,0,0,0,80,$5-$25,80,65,80,Male,35
CVS_0886,5,Male,Low,c,NR,15,13,77,23,0,7,9,10,Female,56
CVS_0888,2,Male,Low,a,R,63,24,75,67,$5-$25,81,54,70,Male,56
CVS_0903,2,Male,Low,a,R,5,10,75,95,0,50,20,10,Male,48
CVS_0909,4,Female,Low,b,R,75,85,89,90,$25-$100,90,70,13,Male,25
CVS_0912,17,Female,High,c,NR,35,98,46,25,$500-$2500,48,11,65,Female,37
CVS_0916,5,Male,Low,c,NR,26,59,25,0,0,91,19,33,Male,51
CVS_0920,5,Male,Low,c,NR,65,33,60,50,$100-$500,43,50,50,Male,55
CVS_0923,5,Male,Low,c,NR,10,27,59,80,0,82,0,0,Male,37
CVS_0932,2,Male,Low,a,R,18,2,60,55,$100-$500,53,10,3,Male,50
CVS_0943,2,Male,Low,a,R,69,74,100,79,$5-$25,16,85,62,Male,29
CVS_0951,17,Female,High,c,NR,0,100,25,10,0,50,10,90,Male,27
CVS_0953,2,Male,Low,a,R,80,66,21,82,$1-$5,70,25,61,Male,31
CVS_0964,2,Male,Low,a,R,52,50,92,50,$5-$25,56,46,50,Female,53
CVS_0965,9,Female,Med,b,NR,30,25,83,71,$5-$25,22,68,61,Female,45
CVS_0966,4,Female,Low,b,R,36,15,10,75,$5-$25,75,66,30,Male,37
CVS_0967,9,Female,Med,b,NR,30,35,40,40,$100-$500,25,55,55,Male,42
CVS_0968,16,Male,High,b,R,100,100,50,60,$25-$100,25,75,75,Female,38
CVS_0980,8,Male,Med,a,R,79,80,9,76,$25-$100,7,6,76,Male,68
CVS_0985,4,Female,Low,b,R,70,8,88,70,$25-$100,92,64,58,Male,28
CVS_0991,16,Male,High,b,R,50,100,2,5,$25-$100,1,50,50,Female,51
CVS_0992,9,Female,Med,b,NR,76,86,38,75,$25-$100,88,43,78,Male,34
CVS_0993,9,Female,Med,b,NR,20,80,79,75,$5-$25,74,58,35,Female,73
CVS_0997,4,Female,Low,b,R,83,20,35,65,$100-$500,71,38,66,Female,33
CVS_0999,17,Female,High,c,NR,7,97,43,51,0,56,30,59,Female,33
CVS_1002,8,Male,Med,a,R,80,80,50,51,$5-$25,51,51,59,Male,50
CVS_1003,16,Male,High,b,R,80,50,20,80,$5-$25,25,50,100,Male,30
CVS_1005,13,Male,High,a,NR,75,100,40,14,$25-$100,0,21,18,Male,32
CVS_1008,16,Male,High,b,R,85,90,20,35,$100-$500,20,67,67,Male,59
CVS_1015,4,Female,Low,b,R,51,50,65,89,$25-$100,50,76,70,Male,44
CVS_1024,8,Male,Med,a,R,50,70,35,35,0,25,20,30,Female,45
CVS_1028,4,Female,Low,b,R,60,30,70,70,0,70,65,65,Male,32
CVS_1029,5,Male,Low,c,NR,19,29,85,84,$1-$5,71,13,66,Male,30
CVS_1030,8,Male,Med,a,R,63,70,33,45,$25-$100,15,10,20,Male,51
CVS_1032,9,Female,Med,b,NR,25,75,60,60,0,95,0,60,Female,66
CVS_1036,16,Male,High,b,R,75,75,75,75,$25-$100,75,25,25,Female,56
CVS_1037,2,Male,Low,a,R,51,22,62,22,more than $2500,15,0,49,Male,65
CVS_1040,5,Male,Low,c,NR,60,41,63,36,$100-$500,63,25,62,Female,48
CVS_1042,2,Male,Low,a,R,70,80,50,50,$25-$100,10,50,50,Male,33
CVS_1050,8,Male,Med,a,R,75,91,11,95,$1-$5,91,67,97,Male,34
CVS_1051,16,Male,High,b,R,77,62,73,68,$25-$100,73,70,76,Male,35
CVS_1052,9,Female,Med,b,NR,16,30,82,40,$5-$25,44,61,20,Male,30
CVS_1063,4,Female,Low,b,R,50,15,76,85,0,85,85,50,Male,46
CVS_1067,13,Male,High,a,NR,65,100,10,70,$25-$100,0,50,55,Male,44
CVS_1074,8,Male,Med,a,R,66,57,30,35,$25-$100,45,38,26,Male,31
CVS_1075,16,Male,High,b,R,70,100,40,15,$25-$100,0,60,20,Male,30
CVS_1079,9,Female,Med,b,NR,30,90,30,85,$25-$100,30,65,5,Male,29
CVS_1088,8,Male,Med,a,R,70,84,61,35,$25-$100,30,62,25,Male,37
CVS_1090,2,Male,Low,a,R,60,15,75,79,$5-$25,50,10,20,Male,34
CVS_1091,13,Male,High,a,NR,41,100,58,75,$25-$100,61,33,73,Female,44
CVS_1092,5,Male,Low,c,NR,63,12,36,36,$1-$5,28,55,66,Female,26
CVS_1093,16,Male,High,b,R,50,100,50,54,$25-$100,24,40,58,Female,44
CVS_1095,13,Male,High,a,NR,52,100,73,52,$5-$25,73,60,52,Female,31
CVS_1096,17,Female,High,c,NR,43,100,50,50,0,50,50,50,Male,45
CVS_1099,12,Female,Med,c,R,70,75,33,70,$25-$100,40,25,71,Male,50
CVS_1100,12,Female,Med,c,R,42,60,63,53,$25-$100,36,61,48,Male,39
CVS_1102,4,Female,Low,b,R,60,40,90,90,$25-$100,80,90,10,Female,28